PMID,Title,Authors,Citation,First.Author,Journal.Book,Publication.Year,Create.Date,PMCID,NIHMS.ID,DOI
39781571,"Elective peri-operative management of adults taking glucagon-like peptide-1 receptor agonists, glucose-dependent insulinotropic peptide agonists and sodium-glucose cotransporter-2 inhibitors: a multidisciplinary consensus statement: A consensus statement from the Association of Anaesthetists, Association of Britishô Clinical Diabetologists, British Obesity and Metabolic Surgery Society, Centreô for Perioperative Care, Joint British Diabetes Societies for Inpatient Care, Royalô College of Anaesthetists, Society for Obesity and Bariatric Anaesthesia and UK Clinical Pharmacy Association","El-Boghdadly K, Dhesi J, Fabb P, Levy N, Lobo DN, McKechnie A, Mustafa O, Newland-Jones P, Patel A, Pournaras DJ, Clare K, Dhatariya K.",Anaesthesia. 2025 Apr;80(4):412-424. doi: 10.1111/anae.16541. Epub 2025 Jan 9.,El-Boghdadly K,Anaesthesia,2025,1/9/25,PMC11885194.txt,NA,10.1111/anae.16541
38839472,PeriOperative Quality Initiative (POQI) international consensus statement on perioperative arterial pressure management,"Saugel B, Fletcher N, Gan TJ, Grocott MPW, Myles PS, Sessler DI; PeriOperative Quality Initiative XI (POQI XI) Workgroup Members.",Br J Anaesth. 2024 Aug;133(2):264-276. doi: 10.1016/j.bja.2024.04.046. Epub 2024 Jun 4.,Saugel B,Br J Anaesth,2024,6/5/24,PMC11282474.txt,NA,10.1016/j.bja.2024.04.046
38407228,REDISCOVER International Guidelines on the Perioperative Care of Surgical Patients With Borderline-resectable and Locally Advanced Pancreatic Cancer,"Boggi U, Kauffmann E, Napoli N, Barreto SG, Besselink MG, Fusai GK, Hackert T, Abu Hilal M, Marchegiani G, Salvia R, Shrikhande SV, Truty M, Werner J, Wolfgang CL, Bannone E, Capretti G, Cattelani A, Coppola A, Cucchetti A, De Sio D, Di Dato A, Di Meo G, Fiorillo C, Gianfaldoni C, Ginesini M, Hidalgo Salinas C, Lai Q, Miccoli M, Montorsi R, Pagnanelli M, Poli A, Ricci C, Sucameli F, Tamburrino D, Viti V, Addeo PF, Alfieri S, Bachellier P, Baiocchi GL, Balzano G, Barbarello L, Brolese A, Busquets J, Butturini G, Caniglia F, Caputo D, Casadei R, Chunhua X, Colangelo E, Coratti A, Costa F, Crafa F, Dalla Valle R, De Carlis L, de Wilde RF, Del Chiaro M, Di Benedetto F, Di Sebastiano P, Dokmak S, Hogg M, Egorov VI, Ercolani G, Ettorre GM, Falconi M, Ferrari G, Ferrero A, Filauro M, Giardino A, Grazi GL, Gruttadauria S, Izbicki JR, Jovine E, Katz M, Keck T, Khatkov I, Kiguchi G, Kooby D, Lang H, Lombardo C, Malleo G, Massani M, Mazzaferro V, Memeo R, Miao Y, Mishima K, Molino C, Nagakawa Y, Nakamura M, Nardo B, Panaro F, Pasquali C, Perrone V, Rangelova E, Liu R, Romagnoli R, Romito R, Rosso E, Schulick R, Siriwardena A, Spampinato MG, et al.",Ann Surg. 2024 Jul 1;280(1):56-65. doi: 10.1097/SLA.0000000000006248. Epub 2024 Feb 26.,Boggi U,Ann Surg,2024,2/26/24,PMC11161250.txt,NA,10.1097/SLA.0000000000006248
28168570,Early enteral nutrition in critically ill patients: ESICM clinical practice guidelines,"Reintam Blaser A, Starkopf J, Alhazzani W, Berger MM, Casaer MP, Deane AM, Fruhwald S, Hiesmayr M, Ichai C, Jakob SM, Loudet CI, Malbrain ML, Montejo GonzûÀlez JC, Paugam-Burtz C, Poeze M, Preiser JC, Singer P, van Zanten AR, De Waele J, Wendon J, Wernerman J, Whitehouse T, Wilmer A, Oudemans-van Straaten HM; ESICM Working Group on Gastrointestinal Function.",Intensive Care Med. 2017 Mar;43(3):380-398. doi: 10.1007/s00134-016-4665-0. Epub 2017 Feb 6.,Reintam Blaser A,Intensive Care Med,2017,2/8/17,PMC5323492.txt,NA,10.1007/s00134-016-4665-0
40448969,"2025 Guidelines for direct oral anticoagulants: a practical guidance on the prescription, laboratory testing, peri-operative and bleeding management","Tran HA, Merriman E, Baker R, Curnow J, Young L, Tan CW, McRae S, Chunilal SD.",Intern Med J. 2025 Jul;55(7):1174-1183. doi: 10.1111/imj.70103. Epub 2025 May 31.,Tran HA,Intern Med J,2025,5/31/25,PMC12240022.txt,NA,10.1111/imj.70103
38684573,"REDISCOVER guidelines for borderline-resectable and locally advanced pancreatic cancer: management algorithm, unanswered questions, and future perspectives","Boggi U, Kauffmann EF, Napoli N, Barreto SG, Besselink MG, Fusai GK, Hackert T, Hilal MA, Marchegiani G, Salvia R, Shrikhande SV, Truty M, Werner J, Wolfgang C, Bannone E, Capretti G, Cattelani A, Coppola A, Cucchetti A, De Sio D, Di Dato A, Di Meo G, Fiorillo C, Gianfaldoni C, Ginesini M, Hidalgo Salinas C, Lai Q, Miccoli M, Montorsi R, Pagnanelli M, Poli A, Ricci C, Sucameli F, Tamburrino D, Viti V, Cameron J, Clavien PA, Asbun HJ; REDISCOVER guidelines group.",Updates Surg. 2024 Sep;76(5):1573-1591. doi: 10.1007/s13304-024-01860-0. Epub 2024 Apr 29.,Boggi U,Updates Surg,2024,4/29/24,PMC11455680.txt,NA,10.1007/s13304-024-01860-0
38381359,Intraoperative haemodynamic monitoring and management of adults having non-cardiac surgery: Guidelines of the German Society of Anaesthesiology and Intensive Care Medicine in collaboration with the German Association of the Scientific Medical Societies,"Saugel B, Annecke T, Bein B, Flick M, Goepfert M, Gruenewald M, Habicher M, Jungwirth B, Koch T, Kouz K, Meidert AS, Pestel G, Renner J, Sakka SG, Sander M, Treskatsch S, Zitzmann A, Reuter DA.",J Clin Monit Comput. 2024 Oct;38(5):945-959. doi: 10.1007/s10877-024-01132-7. Epub 2024 Feb 21.,Saugel B,J Clin Monit Comput,2024,2/21/24,PMC11427556.txt,NA,10.1007/s10877-024-01132-7
28742762,KDIGO Clinical Practice Guideline on the Evaluation and Care of Living Kidney Donors,"Lentine KL, Kasiske BL, Levey AS, Adams PL, Alberû¤ J, Bakr MA, Gallon L, Garvey CA, Guleria S, Li PK, Segev DL, Taler SJ, Tanabe K, Wright L, Zeier MG, Cheung M, Garg AX.",Transplantation. 2017 Aug;101(8S Suppl 1):S1-S109. doi: 10.1097/TP.0000000000001769.,Lentine KL,Transplantation,2017,7/26/17,PMC5540357.txt,NA,10.1097/TP.0000000000001769
39781579,Association of Anaesthetists guidelines: the use of blood components and their alternatives,"Shah A, Klein AA, Agarwal S, Lindley A, Ahmed A, Dowling K, Jackson E, Das S, Raviraj D, Collis R, Sharrock A, Stanworth SJ, Moor P.",Anaesthesia. 2025 Apr;80(4):425-447. doi: 10.1111/anae.16542. Epub 2025 Jan 9.,Shah A,Anaesthesia,2025,1/9/25,PMC11885198.txt,NA,10.1111/anae.16542
38942944,EAES/SAGES evidence-based recommendations and expert consensus on optimization of perioperative care in older adults,"Keller DS, Curtis N, Burt HA, Ammirati CA, Collings AT, Polk HC Jr, Carrano FM, Antoniou SA, Hanna N, Piotet LM, Hill S, Cuijpers ACM, Tejedor P, Milone M, Andriopoulou E, Kontovounisios C, Leeds IL, Awad ZT, Barber MW, Al-Mansour M, Nassif G, West MA, Pryor AD, Carli F, Demartines N, Bouvy ND, Passera R, Arezzo A, Francis N.",Surg Endosc. 2024 Aug;38(8):4104-4126. doi: 10.1007/s00464-024-10977-7. Epub 2024 Jun 28.,Keller DS,Surg Endosc,2024,6/28/24,PMC11289045.txt,NA,10.1007/s00464-024-10977-7
40246578,Clinical practice guidelines for perioperative multimodality treatment of non-small cell lung cancer,"Jiao W, Zhao L, Mei J, Zhong J, Yu Y, Bi N, Zhang L, Wang L, Fu X, Wang J, Lu S, Liu L, Gao S; Chinese Medical Journal Guideline Collaborators.",Chin Med J (Engl). 2025 Nov 5;138(21):2702-2721. doi: 10.1097/CM9.0000000000003635. Epub 2025 Apr 17.,Jiao W,Chin Med J (Engl),2025,4/17/25,PMC12574511.txt,NA,10.1097/CM9.0000000000003635
40696570,"Guidelines for Enhanced Recovery After Trauma and Intensive Care (ERATIC): Enhanced Recovery After Surgery (ERAS) Society and International Association of Trauma Surgery and Intensive Care (IATSIC) Recommendations: Paper 1: Initial Care-Pre and Intraoperative Care Until ICU, Including Non-Operative Management","Hardcastle TC, Gaarder C, Balogh Z, D'amours S, Davis KA, Gupta A, Mohseni S, Naess PA, Naidoo S, Razek T, Robertson S, Uchino H, Zonies D, Whing J, Scott MJ.",World J Surg. 2025 Aug;49(8):1997-2028. doi: 10.1002/wjs.70002. Epub 2025 Jul 22.,Hardcastle TC,World J Surg,2025,7/23/25,PMC12338446.txt,NA,10.1002/wjs.70002
40814081,2025 ADS/ANZCA/GESA/NACOS clinical practice recommendations on the peri-procedural use of GLP-1/GIP receptor agonists,"Hocking SL, Scott DA, Remedios ML, Horowitz M, Story DA, Greenfield JR, Boussioutas A, Devereaux B, Andrikopoulos S, Shaw JE, Olesnicky BL.",Anaesth Intensive Care. 2025 Sep;53(5):300-306. doi: 10.1177/0310057X251355288. Epub 2025 Aug 14.,Hocking SL,Anaesth Intensive Care,2025,8/15/25,PMC12420935.txt,NA,10.1177/0310057X251355288
39663246,SAGES guidelines for the management of comorbidities relevant to metabolic and bariatric surgery,"Kumar SS, Wunker C, Collings A, Bansal V, Zoumpou T, Chang J, Rodriguez N, Sabour A, Hilton LR, Ghanem OM, Kushner BS, Loss LJ, Aleassa EM, Haskins IN, Ayloo S, Reid A, Overby DW, Hallowell P, Kindel TL, Slater BJ, Palazzo F.",Surg Endosc. 2025 Jan;39(1):1-10. doi: 10.1007/s00464-024-11433-2. Epub 2024 Dec 11.,Kumar SS,Surg Endosc,2025,12/11/24,PMC11666733.txt,NA,10.1007/s00464-024-11433-2
38716919,PERIOPERATIVE CARE IN DIGESTIVE SURGERY: THE ERAS AND ACERTO PROTOCOLS - BRAZILIAN COLLEGE OF DIGESTIVE SURGERY POSITION PAPER,"Aguilar-Nascimento JE, Ribeiro Junior U, Portari-Filho PE, SalomûÈo AB, Caporossi C, Colleoni Neto R, Waitzberg DL, Campos ACL.",Arq Bras Cir Dig. 2024 May 6;37:e1794. doi: 10.1590/0102-672020240001e1794. eCollection 2024.,Aguilar-Nascimento JE,Arq Bras Cir Dig,2024,5/8/24,PMC11072254.txt,NA,10.1590/0102-672020240001e1794
29944522,Society of Anesthesia and Sleep Medicine Guideline on Intraoperative Management of Adult Patients With Obstructive Sleep Apnea,"Memtsoudis SG, Cozowicz C, Nagappa M, Wong J, Joshi GP, Wong DT, Doufas AG, Yilmaz M, Stein MH, Krajewski ML, Singh M, Pichler L, Ramachandran SK, Chung F.",Anesth Analg. 2018 Oct;127(4):967-987. doi: 10.1213/ANE.0000000000003434.,Memtsoudis SG,Anesth Analg,2018,6/27/18,PMC6135479.txt,NA,10.1213/ANE.0000000000003434
40696568,Guidelines for Enhanced Recovery After Trauma and Intensive Care (ERATIC): Enhanced Recovery After Surgery (ERAS) and International Association for Trauma Surgery and Intensive Care (IATSIC) Society Recommendations: Paper 2: Postoperative and Intensive Care Recommendations,"Hardcastle TC, Gaarder C, Balogh Z, D'amours S, Davis KA, Gupta A, Mohseni S, Naess PA, Naidoo S, Razek T, Robertson S, Uchino H, Zonies D, Whing J, Scott MJ.",World J Surg. 2025 Aug;49(8):2029-2054. doi: 10.1002/wjs.70004. Epub 2025 Jul 22.,Hardcastle TC,World J Surg,2025,7/23/25,PMC12338449.txt,NA,10.1002/wjs.70004
41467576,The E-AHPBA-ESSO-Innsbruck consensus recommendations on peri- and postoperative management following liver resection,"Maier E, StûÊttner S, Carrion-Alvarez L, Di Martino M, Olthof P, Primavesi F, Sochorova D, van Laarhoven S, Balakrishnan A, Breitkopf R, Buis CI, Cipriani F, Erdmann J, Frampton A, Fuks D, Gilg S, Gulla A, Lancellotti F, Margreiter C, Melloul E, Oberkofler C, Petritsch S, Raab H, Rahbari NN, Rappold D, Reiberger T, Ruzzenente A, Sallinen V, Schaefer B, Schnitzbauer AA, Serrablo A, Soreide K, Sparrelid E, Starlinger P, Stavrou GA, Tinguely P, Aldrighetti L, Dasari BVM, Donadon M, Dopazo C, Gruenberger T, Jonas E, Malik H, Viganû° L, Siriwardena AK, Maglione M.",Br J Surg. 2025 Dec 24;113(1):znaf272. doi: 10.1093/bjs/znaf272.,Maier E,Br J Surg,2025,12/30/25,PMC12750329.txt,NA,10.1093/bjs/znaf272
27762250,Guidelines of the Indian Association of Cardiovascular and Thoracic Anaesthesiologists and Indian College of Cardiac Anaesthesia for perioperative transesophageal echocardiography fellowship examination,"Muralidhar K, Tempe D, Mehta Y, Kapoor PM, Mukherjee C, Koshy T, Tewari P, Shastri N, Misra S, Belani K.",Ann Card Anaesth. 2016 Oct;19(Supplement):S73-S78. doi: 10.4103/0971-9784.192626.,Muralidhar K,Ann Card Anaesth,2016,10/21/16,PMC5100245.txt,NA,10.4103/0971-9784.192626
27442772,Society of Anesthesia and Sleep Medicine Guidelines on Preoperative Screening and Assessment of Adult Patients With Obstructive Sleep Apnea,"Chung F, Memtsoudis SG, Ramachandran SK, Nagappa M, Opperer M, Cozowicz C, Patrawala S, Lam D, Kumar A, Joshi GP, Fleetham J, Ayas N, Collop N, Doufas AG, Eikermann M, Englesakis M, Gali B, Gay P, Hernandez AV, Kaw R, Kezirian EJ, Malhotra A, Mokhlesi B, Parthasarathy S, Stierer T, Wappler F, Hillman DR, Auckley D.",Anesth Analg. 2016 Aug;123(2):452-73. doi: 10.1213/ANE.0000000000001416.,Chung F,Anesth Analg,2016,7/22/16,PMC4956681.txt,NA,10.1213/ANE.0000000000001416
33752721,The management of surgical patients in theô emergency setting during COVID-19 pandemic: the WSES position paper,"De Simone B, Chouillard E, Sartelli M, Biffl WL, Di Saverio S, Moore EE, Kluger Y, Abu-Zidan FM, Ansaloni L, Coccolini F, LeppûÊnemi A, Peitzmann AB, Pagani L, Fraga GP, Paolillo C, Picetti E, Valentino M, Pikoulis E, Baiocchi GL, Catena F.",World J Emerg Surg. 2021 Mar 22;16(1):14. doi: 10.1186/s13017-021-00349-0.,De Simone B,World J Emerg Surg,2021,3/23/21,PMC7983964.txt,NA,10.1186/s13017-021-00349-0
38957030,European guidelines on peri-operative venous thromboembolism prophylaxis: first update.: Chapter 12: Urology,"Tikkinen KAO, Cartwright R, Jensen AG, Violette PD.",Eur J Anaesthesiol. 2024 Aug 1;41(8):618-621. doi: 10.1097/EJA.0000000000002012. Epub 2024 Jul 10.,Tikkinen KAO,Eur J Anaesthesiol,2024,7/3/24,PMC11224558.txt,NA,10.1097/EJA.0000000000002012
41361403,Australasian periprocedural guideline for children and adolescents with diabetes mellitus,"Jennings N, Jefferies C, Sreedharan S, de Bock M.",BMC Endocr Disord. 2025 Dec 8;25(1):279. doi: 10.1186/s12902-025-02013-z.,Jennings N,BMC Endocr Disord,2025,12/8/25,PMC12687548.txt,NA,10.1186/s12902-025-02013-z
39829119,Periprocedural Skincare for Nonenergy and Nonablative Energy-Based Aesthetic Procedures in Patients With Skin of Color,"Alexis AF, Andriessen A, Beach RA, Campos VB, Ginn LR, Bravo RG, Naidoo L, Li M.",J Cosmet Dermatol. 2025 Jan;24(1):e16712. doi: 10.1111/jocd.16712.,Alexis AF,J Cosmet Dermatol,2025,1/20/25,PMC11744056.txt,NA,10.1111/jocd.16712
30171414,Esophageal cancer practice guidelines 2017 edited by the Japan esophageal society: part 2,"Kitagawa Y, Uno T, Oyama T, Kato K, Kato H, Kawakubo H, Kawamura O, Kusano M, Kuwano H, Takeuchi H, Toh Y, Doki Y, Naomoto Y, Nemoto K, Booka E, Matsubara H, Miyazaki T, Muto M, Yanagisawa A, Yoshida M.",Esophagus. 2019 Jan;16(1):25-43. doi: 10.1007/s10388-018-0642-8. Epub 2018 Aug 31.,Kitagawa Y,Esophagus,2019,9/2/18,PMC6510875.txt,NA,10.1007/s10388-018-0642-8
40696567,Guidelines for Enhanced Recovery After Trauma and Intensive Care (ERATIC): Enhanced Recovery After Surgery (ERAS) and International Association for Trauma Surgery and Intensive Care (IATSIC) Society Recommendations: Part 3: Trauma Ethics and Systems Aspects,"Hardcastle TC, Gaarder C, Balogh Z, D'amours S, Davis KA, Gupta A, Mohseni S, Naess PA, Naidoo S, Razek T, Robertson S, Uchino H, Zonies D, Whing J, Scott MJ.",World J Surg. 2025 Aug;49(8):2055-2065. doi: 10.1002/wjs.70003. Epub 2025 Jul 22.,Hardcastle TC,World J Surg,2025,7/23/25,PMC12338406.txt,NA,10.1002/wjs.70003
38958671,[Airway management in neonates and infants : Recommendations according to the ESAIC/BJA guidelines],"Kaufmann J, Huber D, Engelhardt T, Kleine-Brueggeney M, Kranke P, Riva T, von Ungern-Sternberg BS, Fuchs A.",Anaesthesiologie. 2024 Jul;73(7):473-481. doi: 10.1007/s00101-024-01424-2.,Kaufmann J,Anaesthesiologie,2024,7/3/24,PMC11222175.txt,NA,10.1007/s00101-024-01424-2
29044300,3rd Guideline for Perioperative Cardiovascular Evaluation of the Brazilian Society of Cardiology,"Gualandro DM, Yu PC, Caramelli B, Marques AC, Calderaro D, Fornari LS, Pinho C, Feitosa ACR, Polanczyk CA, Rochitte CE, Jardim C, Vieira CLZ, Nakamura DYM, Iezzi D, Schreen D, Adam EL, D'Amico EA, Lima EQ, Burdmann EA, Mateo EIP, Braga FGM, Machado FS, Paula FJ, Carmo GALD, Feitosa-Filho GS, Prado GF, Lopes HF, Fernandes JRC, Lima JJG, Sacilotto L, Drager LF, Vacanti LJ, Rohde LEP, Prada LFL, Gowdak LHW, Vieira MLC, Monachini MC, MacatrûÈo-Costa MF, PaixûÈo MR, Oliveira MT Junior, Cury P, VillaûÏa PR, Farsky PS, Siciliano RF, Heinisch RH, Souza R, Gualandro SFM, Accorsi TAD, Mathias W Jû¤nior.",Arq Bras Cardiol. 2017 Jan-Feb;109(3 Supl 1):1-104. doi: 10.5935/abc.20170140.,Gualandro DM,Arq Bras Cardiol,2017,10/19/17,PMC5629911.txt,NA,10.5935/abc.20170140
40062575,Essential Japanese Guidelines for the Prevention of Perioperative Infections in the Urological Field: 2023 Edition,"Shigemura K, Kamei J, Shigehara K, Nukaya T, Etani T, Togo Y, Yamamoto S.",Int J Urol. 2025 Jun;32(6):621-632. doi: 10.1111/iju.70026. Epub 2025 Mar 10.,Shigemura K,Int J Urol,2025,3/10/25,PMC12146249.txt,NA,10.1111/iju.70026
32600823,SOFFCO-MM guidelines for the resumption of bariatric and metabolic surgery during and after the Covid-19 pandemic,"Kassir R, Rebibo L, Genser L, Sterkers A, Blanchet MC, Pattou F, Msika S; Remerciement comitûˋ de lecture.",J Visc Surg. 2020 Aug;157(4):317-327. doi: 10.1016/j.jviscsurg.2020.06.005. Epub 2020 Jun 5.,Kassir R,J Visc Surg,2020,7/1/20,PMC7274637.txt,NA,10.1016/j.jviscsurg.2020.06.005
37430174,"Cardiac arrest in the perioperative period: a consensus guideline for identification, treatment, and prevention from the European Society of Anaesthesiology and Intensive Care and the European Society for Trauma and Emergency Surgery","Hinkelbein J, Andres J, BûÑttiger BW, Brazzi L, De Robertis E, Einav S, Gwinnutt C, Kuvaki B, Krawczyk P, McEvoy MD, Mertens P, Moitra VK, Navarro-Martinez J, Nunnally ME, O Connor M, Rall M, Ruetzler K, Schmitz J, Thies K, Tilsed J, Zago M, Afshari A.",Eur J Trauma Emerg Surg. 2023 Oct;49(5):2031-2046. doi: 10.1007/s00068-023-02271-3.,Hinkelbein J,Eur J Trauma Emerg Surg,2023,7/10/23,PMC10520188.txt,NA,10.1007/s00068-023-02271-3
25950621,Peri-operative management of the obese surgical patient 2015: Association of Anaesthetists of Great Britain and Ireland Society for Obesity and Bariatric Anaesthesia,"Members of the Working Party; Nightingale CE, Margarson MP, Shearer E, Redman JW, Lucas DN, Cousins JM, Fox WT, Kennedy NJ, Venn PJ, Skues M, Gabbott D, Misra U, Pandit JJ, Popat MT, Griffiths R; Association of Anaesthetists of Great Britain; Ireland Society for Obesity and Bariatric Anaesthesia.",Anaesthesia. 2015 Jul;70(7):859-76. doi: 10.1111/anae.13101. Epub 2015 May 7.,Members of the Working Party,Anaesthesia,2015,5/8/15,PMC5029585.txt,NA,10.1111/anae.13101
25866041,Safety guideline: reducing the risk from cemented hemiarthroplasty for hip fracture 2015: Association of Anaesthetists of Great Britain and Ireland British Orthopaedic Association British Geriatric Society,"Membership of Working Party; Griffiths R, White SM, Moppett IK, Parker MJ, Chesser TJ, Costa ML, Johansen A, Wilson H, Timperley AJ; Association of Anaesthetists of Great Britain and Ireland; British Orthopaedic Association; British Geriatric Society.",Anaesthesia. 2015 May;70(5):623-6. doi: 10.1111/anae.13036.,Membership of Working Party,Anaesthesia,2015,4/14/15,PMC6681143.txt,NA,10.1111/anae.13036
24114513,Guidelines for laparoscopic treatment of ventral and incisional abdominal wall hernias (International Endohernia Society (IEHS)-part 1,"Bittner R, Bingener-Casey J, Dietz U, Fabian M, Ferzli GS, Fortelny RH, KûÑckerling F, Kukleta J, Leblanc K, Lomanto D, Misra MC, Bansal VK, Morales-Conde S, Ramshaw B, Reinpold W, Rim S, Rohr M, Schrittwieser R, Simon T, Smietanski M, Stechemesser B, Timoney M, Chowbey P; International Endohernia Society (IEHS).",Surg Endosc. 2014 Jan;28(1):2-29. doi: 10.1007/s00464-013-3170-6. Epub 2013 Oct 11.,Bittner R,Surg Endosc,2014,10/12/13,PMC3872300.txt,NA,10.1007/s00464-013-3170-6
30116862,"The Reporting on ERAS Compliance, Outcomes, and Elements Research (RECOvER) Checklist: A Joint Statement by the ERAS(ôÛ) and ERAS(ôÛ) USA Societies","Elias KM, Stone AB, McGinigle K, Tankou JI, Scott MJ, Fawcett WJ, Demartines N, Lobo DN, Ljungqvist O, Urman RD; ERASôÛ Society and ERASôÛ USA.",World J Surg. 2019 Jan;43(1):1-8. doi: 10.1007/s00268-018-4753-0.,Elias KM,World J Surg,2019,8/18/18,PMC6313353.txt,NA,10.1007/s00268-018-4753-0
33735942,"SARS-CoV-2 infection, COVID-19 and timing of elective surgery: A multidisciplinary consensus statement on behalf of the Association of Anaesthetists, the Centre for Peri-operative Care, the Federation of Surgical Specialty Associations, the Royal College of Anaesthetists and the Royal College of Surgeons of England","El-Boghdadly K, Cook TM, Goodacre T, Kua J, Blake L, Denmark S, McNally S, Mercer N, Moonesinghe SR, Summerton DJ.",Anaesthesia. 2021 Jul;76(7):940-946. doi: 10.1111/anae.15464. Epub 2021 Mar 18.,El-Boghdadly K,Anaesthesia,2021,3/18/21,PMC8250763.txt,NA,10.1111/anae.15464
29870457,"Consensus Guidelines on the Use of Intravenous Ketamine Infusions for Acute Pain Management From the American Society of Regional Anesthesia and Pain Medicine, the American Academy of Pain Medicine, and the American Society of Anesthesiologists","Schwenk ES, Viscusi ER, Buvanendran A, Hurley RW, Wasan AD, Narouze S, Bhatia A, Davis FN, Hooten WM, Cohen SP.",Reg Anesth Pain Med. 2018 Jul;43(5):456-466. doi: 10.1097/AAP.0000000000000806.,Schwenk ES,Reg Anesth Pain Med,2018,6/6/18,PMC6023582.txt,NA,10.1097/AAP.0000000000000806
33370462,PROSPECT guideline for elective caesarean section: updated systematic review and procedure-specific postoperative pain management recommendations,"Roofthooft E, Joshi GP, Rawal N, Van de Velde M; PROSPECT Working Group* of the European Society of Regional Anaesthesia and Pain Therapy and supported by the Obstetric Anaesthetistsã Association.",Anaesthesia. 2021 May;76(5):665-680. doi: 10.1111/anae.15339. Epub 2020 Dec 28.,Roofthooft E,Anaesthesia,2021,12/28/20,PMC8048441.txt,NA,10.1111/anae.15339
31984479,PROSPECT guideline for oncological breast surgery: aô systematic review and procedure-specific postoperative pain management recommendations,"Jacobs A, Lemoine A, Joshi GP, Van de Velde M, Bonnet F; PROSPECT Working Group collaborators#.",Anaesthesia. 2020 May;75(5):664-673. doi: 10.1111/anae.14964. Epub 2020 Jan 26.,Jacobs A,Anaesthesia,2020,1/28/20,PMC7187257.txt,NA,10.1111/anae.14964
25479151,Pharmacological management of chronic neuropathic pain: revised consensus statement from the Canadian Pain Society,"Moulin D, Boulanger A, Clark AJ, Clarke H, Dao T, Finley GA, Furlan A, Gilron I, Gordon A, Morley-Forster PK, Sessle BJ, Squire P, Stinson J, Taenzer P, Velly A, Ware MA, Weinberg EL, Williamson OD; Canadian Pain Society.",Pain Res Manag. 2014 Nov-Dec;19(6):328-35. doi: 10.1155/2014/754693.,Moulin D,Pain Res Manag,2014,12/6/14,PMC4273712.txt,NA,10.1155/2014/754693
40500865,Guidelines on Treating Fibromyalgia With Nonpharmacological Therapies in China,"Li X, Pan H, Wang L, Zhou Q, Ma Y, Wang Q, Wang M, Xie Z, Li H, Chen L, Huang L, Chen Y, Wen C.",J Evid Based Med. 2025 Jun;18(2):e70044. doi: 10.1111/jebm.70044.,Li X,J Evid Based Med,2025,6/11/25,PMC12159282.txt,NA,10.1111/jebm.70044
30480345,Standards for the management of cancer-related pain across Europe-A position paper from the EFIC Task Force on Cancer Pain,"Bennett MI, Eisenberg E, Ahmedzai SH, Bhaskar A, O'Brien T, Mercadante S, Kráevski é kvará N, Vissers K, Wirz S, Wells C, Morlion B.",Eur J Pain. 2019 Apr;23(4):660-668. doi: 10.1002/ejp.1346. Epub 2019 Jan 6.,Bennett MI,Eur J Pain,2019,11/28/18,PMC7027571.txt,NA,10.1002/ejp.1346
39777571,Management of hidradenitis suppurativa in the inpatient setting: a clinical guide,"Maskan Bermudez N, Elman SA, Kirsner RS, Lev-Tov H.",Arch Dermatol Res. 2025 Jan 8;317(1):202. doi: 10.1007/s00403-024-03622-9.,Maskan Bermudez N,Arch Dermatol Res,2025,1/8/25,PMC11711572.txt,NA,10.1007/s00403-024-03622-9
19484828,Guidelines for procedural pain in the newborn,"Lago P, Garetti E, Merazzi D, Pieragostini L, Ancora G, Pirelli A, Bellieni CV; Pain Study Group of the Italian Society of Neonatology.",Acta Paediatr. 2009 Jun;98(6):932-9. doi: 10.1111/j.1651-2227.2009.01291.x.,Lago P,Acta Paediatr,2009,6/2/09,PMC2688676.txt,NA,10.1111/j.1651-2227.2009.01291.x
30620109,Standards for the diagnosis and management of complex regional pain syndrome: Results of a European Pain Federation task force,"Goebel A, Barker C, Birklein F, Brunner F, Casale R, Eccleston C, Eisenberg E, McCabe CS, Moseley GL, Perez R, Perrot S, Terkelsen A, Thomassen I, Zyluk A, Wells C.",Eur J Pain. 2019 Apr;23(4):641-651. doi: 10.1002/ejp.1362. Epub 2019 Feb 18.,Goebel A,Eur J Pain,2019,1/9/19,PMC6593444.txt,NA,10.1002/ejp.1362
31354397,Management of pain in individuals with spinal cord injury: Guideline of the German-Speaking Medical Society for Spinal Cord Injury,"Franz S, Schulz B, Wang H, Gottschalk S, Grû¥ter F, Friedrich J, Glaesener JJ, Bock F, Schott C, Mû¥ller R, Schultes K, Landmann G, Gerner HJ, Dietz V, Treede RD, Weidner N.",Ger Med Sci. 2019 Jun 17;17:Doc05. doi: 10.3205/000271. eCollection 2019.,Franz S,Ger Med Sci,2019,7/30/19,PMC6637293.txt,NA,10.3205/000271
29127593,SEOM clinical guideline for treatment of cancer pain (2017),"Jara C, Del Barco S, GrûÀvalos C, Hoyos S, HernûÀndez B, MuûÝoz M, Quintanar T, Meana JA, Rodriguez C, de Las PeûÝas R.",Clin Transl Oncol. 2018 Jan;20(1):97-107. doi: 10.1007/s12094-017-1791-2. Epub 2017 Nov 10.,Jara C,Clin Transl Oncol,2018,11/12/17,PMC5785609.txt,NA,10.1007/s12094-017-1791-2
40944716,MASCC/ISOO Clinical Practice Statement: management of oral complications of immunotherapy,"Fregnani ER, Epstein JB, Blijlevens NMA, Yarom N, Villa A, Raber-Durlacher JE, Gardner PJ, Shem D, Beaumont S, Bossi P, Elad S.",Support Care Cancer. 2025 Sep 13;33(10):851. doi: 10.1007/s00520-025-09806-x.,Fregnani ER,Support Care Cancer,2025,9/13/25,PMC12433365.txt,NA,10.1007/s00520-025-09806-x
39115698,Key summary of German national guideline for adult patients with nosocomial pneumonia- Update 2024 Funding number at the Federal Joint Committee (G-BA): 01VSF22007,"Rademacher J, Ewig S, Grabein B, Nachtigall I, Abele-Horn M, Deja M, Gaûner M, Gatermann S, Geffers C, Gerlach H, Hagel S, Heuûel CP, Kluge S, Kolditz M, Kramme E, Kû¥hl H, Panning M, Rath PM, Rohde G, Schaaf B, Salzer HJF, Schreiter D, Schweisfurth H, Unverzagt S, Weigand MA, Welte T, Pletz MW.",Infection. 2024 Dec;52(6):2531-2545. doi: 10.1007/s15010-024-02358-y. Epub 2024 Aug 8.,Rademacher J,Infection,2024,8/8/24,PMC11621171.txt,NA,10.1007/s15010-024-02358-y
40789831,Executive summary ofô the guideline for prescribing opioid analgesics for chronic non-cancer pain (third edition) by theô Japan Society ofô Pain Clinicians,"Kanai A, Iseki M, Iida H, Yamaguchi S, Oiwa A, Yonekura H, Iwashita N, Ueno H, Kimura Y, Takasusuki T, Yamaguchi K, Iida S, Ikemiya H, Oya R, Sugiyama Y, Tanabe K, Taniguchi A, Hattammaru Y, Mizogami M, Yamaguchi S, Yamada K, Fukui S.",J Anesth. 2025 Oct;39(5):677-702. doi: 10.1007/s00540-025-03559-x. Epub 2025 Aug 11.,Kanai A,J Anesth,2025,8/11/25,PMC12464052.txt,NA,10.1007/s00540-025-03559-x
32193890,"Guidelines for Transrectal Ultrasonography-Guided Prostate Biopsy: Korean Society of Urogenital Radiology Consensus Statement for Patient Preparation, Standard Technique, and Biopsy-Related Pain Management","Lee MS, Moon MH, Kim CK, Park SY, Choi MH, Jung SI; Korean Society of Urogenital Radiology (KSUR).",Korean J Radiol. 2020 Apr;21(4):422-430. doi: 10.3348/kjr.2019.0576.,Lee MS,Korean J Radiol,2020,3/21/20,PMC7082664.txt,NA,10.3348/kjr.2019.0576
25416720,Development of patient-centred standards of care for osteoarthritis in Europe: the eumusc.net-project,"Stoffer MA, Smolen JS, Woolf A, Ambrozic A, Berghea F, Boonen A, Bosworth A, Carmona L, Dougados M, de Wit M, Erwin J, Fialka-Moser V, Ionescu R, Keenan AM, Loza E, Moe RH, Greiff R, Olejnik P, Petersson IF, Rat AC, Rozman B, StrûÑmbeck B, Tanner L, Uhlig T, Vlieland TP, Stamm TA; eumusc.net WP 5 Expert Panel.",Ann Rheum Dis. 2015 Jun;74(6):1145-9. doi: 10.1136/annrheumdis-2014-206176. Epub 2014 Nov 21.,Stoffer MA,Ann Rheum Dis,2015,11/23/14,PMC4431331.txt,NA,10.1136/annrheumdis-2014-206176
29756333,Safe Use of Epidural Corticosteroid Injections: Recommendations of the WIP Benelux Work Group,"Van Boxem K, Rijsdijk M, Hans G, de Jong J, Kallewaard JW, Vissers K, van Kleef M, Rathmell JP, Van Zundert J.",Pain Pract. 2019 Jan;19(1):61-92. doi: 10.1111/papr.12709. Epub 2018 Jul 2.,Van Boxem K,Pain Pract,2019,5/15/18,PMC7379698.txt,NA,10.1111/papr.12709
36929455,[Updated S1ô guideline on long/post-COVID: relevant aspects for pain medicine],"LemhûÑfer C, Koczulla AR, Meissner W, HûÊuser W.",Schmerz. 2024 Jun;38(3):175-182. doi: 10.1007/s00482-023-00704-x. Epub 2023 Mar 16.,LemhûÑfer C,Schmerz,2024,3/17/23,PMC10019417.txt,NA,10.1007/s00482-023-00704-x
30911339,Optimizing the Management and Outcomes of Failed Back Surgery Syndrome: A Consensus Statement on Definition and Outlines for Patient Assessment,"Rigoard P, Gatzinsky K, Deneuville JP, Duyvendak W, Naiditch N, Van Buyten JP, Eldabe S.",Pain Res Manag. 2019 Feb 18;2019:3126464. doi: 10.1155/2019/3126464. eCollection 2019.,Rigoard P,Pain Res Manag,2019,3/27/19,PMC6398030.txt,NA,10.1155/2019/3126464
35124700,The CanPain SCI clinical practice guidelines for rehabilitation management of neuropathic pain after spinal cord injury: 2021 update,"Loh E, Mirkowski M, Agudelo AR, Allison DJ, Benton B, Bryce TN, Guilcher S, Jeji T, Kras-Dupuis A, Kreutzwiser D, Lanizi O, Lee-Tai-Fuy G, Middleton JW, Moulin DE, O'Connell C, Orenczuk S, Potter P, Short C, Teasell R, Townson A, WiderstrûÑm-Noga E, Wolfe DL, Xia N, Mehta S.",Spinal Cord. 2022 Jun;60(6):548-566. doi: 10.1038/s41393-021-00744-z. Epub 2022 Feb 5.,Loh E,Spinal Cord,2022,2/6/22,PMC9209331.txt,NA,10.1038/s41393-021-00744-z
29579142,The Assessment of Pain in Older People: UK National Guidelines,Schofield P.,Age Ageing. 2018 Mar 1;47(suppl_1):i1-i22. doi: 10.1093/ageing/afx192.,Schofield P,Age Ageing,2018,3/27/18,PMC5888957.txt,NA,10.1093/ageing/afx192
27841131,Palliative and supportive care in head and neck cancer: United Kingdom National Multidisciplinary Guidelines,"Cocks H, Ah-See K, Capel M, Taylor P.",J Laryngol Otol. 2016 May;130(S2):S198-S207. doi: 10.1017/S0022215116000633.,Cocks H,J Laryngol Otol,2016,11/15/16,PMC4873917.txt,NA,10.1017/S0022215116000633
25603875,Pain care for patients with epidermolysis bullosa: best care practice guidelines,"Goldschneider KR, Good J, Harrop E, Liossi C, Lynch-Jordan A, Martinez AE, Maxwell LG, Stanko-Lopp D; Dystrophic Epidermolysis Bullosa Research Association International (DEBRA International).",BMC Med. 2014 Oct 9;12:178. doi: 10.1186/s12916-014-0178-2.,Goldschneider KR,BMC Med,2014,1/22/15,PMC4190576.txt,NA,10.1186/s12916-014-0178-2
36189904,Guidelines for treatment of acute pain in children - the consensus statement of the Section of Paediatric Anaesthesiology and Intensive Therapy of the Polish Society of Anaesthesiology and Intensive Therapy,"Cettler M, Zieliéska M, Rosada-Kurasiéska J, Kubica-Cieliéska A, Jarosz K, Bartkowska-éniatkowska A.",Anaesthesiol Intensive Ther. 2022;54(3):197-218. doi: 10.5114/ait.2022.118972.,Cettler M,Anaesthesiol Intensive Ther,2022,10/3/22,PMC10156497.txt,NA,10.5114/ait.2022.118972
41222498,The Implementation of Persistent Spinal Pain Syndrome (PSPS): Mechanism-Based Recommendations,"Thomson S, Simpson B, Huygen FJ, Stanton-Hicks M, North RB, Barolat G, Scott H, Duarte RV.",Pain Pract. 2026 Jan;26(1):e70104. doi: 10.1111/papr.70104.,Thomson S,Pain Pract,2026,11/12/25,PMC12611182.txt,NA,10.1111/papr.70104
38901974,"Narrative reviews in anesthesia and pain medicine: guidelines for producers, reviewers and consumers","Kelley GA, D'Souza RS.",Reg Anesth Pain Med. 2025 Sep 4;50(9):725-729. doi: 10.1136/rapm-2024-105661.,Kelley GA,Reg Anesth Pain Med,2025,6/20/24,PMC12421115.txt,NA,10.1136/rapm-2024-105661
29737410,Executive summary of the Clinical Guidelines of Pharmacotherapy for Neuropathic Pain: second edition by the Japanese Society of Pain Clinicians,"Sumitani M, Sakai T, Matsuda Y, Abe H, Yamaguchi S, Hosokawa T, Fukui S.",J Anesth. 2018 Jun;32(3):463-478. doi: 10.1007/s00540-018-2501-0. Epub 2018 May 8.,Sumitani M,J Anesth,2018,5/9/18,PMC5973958.txt,NA,10.1007/s00540-018-2501-0
41318933,"Consensus practice guidelines on sacroiliac joint complex pain from a multispecialty, international working group","McCormick ZL, Hurley RW, Anitescu M, Bhaskar A, Bhatia A, Cassidy RC, Chen AS, Dawson TC, De Andrûˋs Ares J, de Campos JL, Hayek SM, HernûÀndez-Porras BC, Kissoon NR, Kohan LR, Elgueta Le Beuffe MF, Moon JY, Provenzano DA, Reece DE, Schuster NM, Smith CC, Stout A, Szadek K, Thomas DA, Tontisirin N, Vagg MF, Van Zundert J, Woodbury A, Cohen SP.",Pain Med. 2025 Dec 1;26(12):817-917. doi: 10.1093/pm/pnaf129.,McCormick ZL,Pain Med,2025,11/30/25,PMC12681192.txt,NA,10.1093/pm/pnaf129
26335630,S2e guideline: positioning and early mobilisation in prophylaxis or therapy of pulmonary disorders : Revision 2015: S2e guideline of the German Society of Anaesthesiology and Intensive Care Medicine (DGAI),"Bein T, Bischoff M, Brû¥ckner U, Gebhardt K, Henzler D, Hermes C, Lewandowski K, Max M, Nothacker M, Staudinger T, Tryba M, Weber-Carstens S, Wrigge H.",Anaesthesist. 2015 Dec;64 Suppl 1:1-26. doi: 10.1007/s00101-015-0071-1.,Bein T,Anaesthesist,2015,9/4/15,PMC4712230.txt,NA,10.1007/s00101-015-0071-1
31573074,"When Women Rise, We All Rise: American Geriatrics Society Position Statement on Achieving Gender Equity in Geriatrics","Boxer R, Norman M, Abadir P, Beizer JL, Dierich M, Lau S, Linnebur SA, Lundebjerg NE, Naik AD, Schreiber R, Unroe K, Mikhailovich AL, Goldstein AC","Boxer R, Norman M, Abadir P, Beizer JL, Dierich M, Lau S, Linnebur SA, Lundebjerg NE, Naik AD, Schreiber R, Unroe K, Mikhailovich AL, Goldstein AC. When Women Rise, We All Rise: American Geriatrics Society Position Statement on Achieving Gender Equity in Geriatrics. J Am Geriatr Soc. 2019 Dec;67(12):2447-2454. doi: 10.1111/jgs.16195. Epub 2019 Oct 1. PMID: 31573074.",Boxer R,J Am Geriatr Soc.,2019,10/1/19,Boxer_et_al-2019-Journal_of_the_American_Geriatrics_Society.grobid.tei.txt,NA,10.1111/jgs.16195
26804356,Achieving High-Quality Multicultural Geriatric Care,American Geriatrics Society Ethnogeriatrics Committee,Developed by the American Geriatrics Society Ethnogeriatrics Committee. Achieving High-Quality Multicultural Geriatric Care. J Am Geriatr Soc. 2016 Feb;64(2):255-60. doi: 10.1111/jgs.13924. Epub 2016 Jan 25. PMID: 26804356.,American Geriatrics Society Ethnogeriatrics Committee,J Am Geriatr Soc.,2016,1/25/16,Ethnogeriatrics_statement_JAGS_January_2016.grobid.tei.txt,NA,10.1111/jgs.13924
40697073,Alternative Treatments to Selected Medications in the 2023 American Geriatrics Society Beers Criteria,American Geriatrics Society Beers Criteria´ Alternatives Panel; Steinman MA,American Geriatrics Society Beers Criteria´ Alternatives Panel; Steinman MA. Alternative Treatments to Selected Medications in the 2023 American Geriatrics Society Beers Criteria´. J Am Geriatr Soc. 2025 Sep;73(9):2657-2677. doi: 10.1111/jgs.19500. Epub 2025 Jul 23. PMID: 40697073; PMCID: PMC12448428.,American Geriatrics Society Beers Criteria´ Alternatives Panel,J Am Geriatr Soc.,2025,7/23/25,J American Geriatrics Society - 2025 -  - Alternative Treatments to Selected Medications in the 2023 American Geriatrics.grobid.tei.txt,NA,10.1111/jgs.19500
25495432,American Geriatrics Society abstracted clinical practice guideline for postoperative delirium in older adults,American Geriatrics Society Expert Panel on Postoperative Delirium in Older Adults.,American Geriatrics Society Expert Panel on Postoperative Delirium in Older Adults. American Geriatrics Society abstracted clinical practice guideline for postoperative delirium in older adults. J Am Geriatr Soc. 2015 Jan;63(1):142-50. doi: 10.1111/jgs.13281. Epub 2014 Dec 12. PMID: 25495432; PMCID: PMC5901697.,American Geriatrics Society Expert Panel on Postoperative Delirium in Older Adults.,J Am Geriatr Soc.,2015,12/12/14,jgs_13281_Rev_EV.grobid.tei.txt,NA,10.1111/jgs.13281
NBK561982,Perioperative care in adults,London: National Institute for Health and Care Excellence (NICE),"Perioperative care in adults. London: National Institute for Health and Care Excellence (NICE); 2020 Aug 19. (NICE Guideline, No. 180.) Available from: https://www.ncbi.nlm.nih.gov/books/NBK561982/",London: National Institute for Health and Care Excellence (NICE),NCBI,2020,8/19/20,perioperative-care-in-adults-pdf-66142014963397.grobid.tei.txt,NA,https://www.ncbi.nlm.nih.gov/books/NBK561982/
40207842,Managing Hypercholesterolemia in Adults Older Than 75 years Without a History of Atherosclerotic Cardiovascular Disease: An Expert Clinical Consensus From the National Lipid Association and the American Geriatrics Society,"Bittner V, Linnebur SA, Dixon DL, Forman DE, Green AR, Jacobson TA, Orkaby AR, Saseen JJ, Virani SS","Bittner V, Linnebur SA, Dixon DL, Forman DE, Green AR, Jacobson TA, Orkaby AR, Saseen JJ, Virani SS. Managing Hypercholesterolemia in Adults Older Than 75_years Without a History of Atherosclerotic Cardiovascular Disease: An Expert Clinical Consensus From the National Lipid Association and the American Geriatrics Society. J Am Geriatr Soc. 2025 Jun;73(6):1674-1696. doi: 10.1111/jgs.19398. Epub 2025 Apr 10. PMID: 40207842; PMCID: PMC12205287.",Bittner V,J Am Geriatr Soc.,2025,4/10/25,J American Geriatrics Society - 2025 - Bittner - Managing Hypercholesterolemia in Adults Older Than 75 years Without a.grobid.tei.txt,NA,10.1111/jgs.19398
40650623,American Geriatrics Society Position Statement: Telehealth Policy for Older Adults,"Holliday AM, Hashmi AZ, Okoli-Umeweni AO, Khan A, Jindal SK, Gaur S, Rivera V, Patel NK","Holliday AM, Hashmi AZ, Okoli-Umeweni AO, Khan A, Jindal SK, Gaur S, Rivera V, Patel NK. American Geriatrics Society Position Statement: Telehealth Policy for Older Adults. J Am Geriatr Soc. 2025 Dec;73(12):3646-3654. doi: 10.1111/jgs.70004. Epub 2025 Jul 12. PMID: 40650623.",Holliday AM,J Am Geriatr Soc.,2025,7/12/25,J American Geriatrics Society - 2025 - Holliday - American Geriatrics Society Position Statement  Telehealth Policy for.grobid.tei.txt,NA,10.1111/jgs.70004
27049783,Optimal Perioperative Management of the Geriatric Patient: A Best Practices Guideline from the American College of Surgeons NSQIP and the American Geriatrics Society.,"Mohanty S, Rosenthal RA, Russell MM, Neuman MD, Ko CY, Esnaola NF.","Mohanty S, Rosenthal RA, Russell MM, Neuman MD, Ko CY, Esnaola NF. Optimal Perioperative Management of the Geriatric Patient: A Best Practices Guideline from the American College of Surgeons NSQIP and the American Geriatrics Society. J Am Coll Surg. 2016 May;222(5):930-47. doi: 10.1016/j.jamcollsurg.2015.12.026. Epub 2016 Jan 4. PMID: 27049783.",Mohanty S,J Am Coll Surg.,2016,1/4/16,ACS_NSQIP_Geriatric_2015_Guidelines.txt,NA,10.1016/j.jamcollsurg.2015.12.026
33865553,Surgery and opioids: evidence-based expert consensus guidelines on the perioperative use of opioids in the United Kingdom.,"Srivastava D, Hill S, Carty S, Rockett M, Bastable R, Knaggs R, Lambert D, Levy N, Hughes J, Wilkinson P.","Srivastava D, Hill S, Carty S, Rockett M, Bastable R, Knaggs R, Lambert D, Levy N, Hughes J, Wilkinson P. Surgery and opioids: evidence-based expert consensus guidelines on the perioperative use of opioids in the United Kingdom. Br J Anaesth. 2021 Jun;126(6):1208-1216. doi: 10.1016/j.bja.2021.02.030. Epub 2021 Apr 14. PMID: 33865553.",Srivastava D,Br J Anaesth.,2021,4/14/21,surgery-and-opioids-2021_4.grobid.tei.txt,NA,10.1016/j.bja.2021.02.030
24746437,Geriatric emergency department guidelines.,American College of Emergency Physicians; American Geriatrics Society; Emergency Nurses Association; Society for Academic Emergency Medicine; Geriatric Emergency Department Guidelines Task Force.,American College of Emergency Physicians; American Geriatrics Society; Emergency Nurses Association; Society for Academic Emergency Medicine; Geriatric Emergency Department Guidelines Task Force. Geriatric emergency department guidelines. Ann Emerg Med. 2014 May;63(5):e7-25. doi: 10.1016/j.annemergmed.2014.02.008. PMID: 24746437.,American College of Emergency Physicians,Ann Emerg Med.,2014,5/1/14,AGS-GERI-ED-GUIDE-1-1.grobid.tei.txt,NA,10.1016/j.annemergmed.2014.02.008
36327391,"CDC Clinical Practice Guideline for Prescribing Opioids for Pain - United States, 2022","Dowell D, Ragan KR, Jones CM, Baldwin GT, Chou R.",MMWR Recomm Rep. 2022 Nov 4;71(3):1-95. doi: 10.15585/mmwr.rr7103a1.,Dowell D,MMWR Recomm Rep,2022,11/3/22,cdc-guidelines-2022-opiods-for-pain.grobid.tei.txt,NA,10.15585/mmwr.rr7103a1